soru,yil
Lozan Antlaşması hangi yıl imzalandı?,1923
Tarih olarak Cumhuriyet ne zaman ilan edildi?,1923
Şunu merak ediyorum: Cumhuriyet ne zaman ilan edildi?,1923
Lozan Antlaşması hangi yıl imzalandı?,1923
Tarih olarak Kurtuluş Savaşı ne zaman başladı?,1919
Türkiye NATO'ya ne zaman katıldı? Lütfen yıl belirtin.,1952
Lozan Antlaşması hangi yıl imzalandı?,1923
Lozan Antlaşması hangi yıl imzalandı?,1923
TBMM tam tarihi nedir açıldı?,1920
İstanbul hangi yıl fethedildi?,1453
TBMM ne zaman açıldı?,1920
Tarih olarak Türkiye Cumhuriyeti ilk anayasası ne zaman kabul edildi?,1924
Cumhuriyet tam tarihi nedir ilan edildi?,1923
Osmanlı Devleti ne zaman kuruldu? Lütfen yıl belirtin.,1299
TBMM hangi yıl açıldı?,1920
Atatürk ne zaman doğdu? Lütfen yıl belirtin.,1881
Osmanlı Devleti hangi yıl kuruldu?,1299
Kurtuluş Savaşı ne zaman başladı? Lütfen yıl belirtin.,1919
Osmanlı Devleti tam tarihi nedir kuruldu?,1299
Cumhuriyet tam tarihi nedir ilan edildi?,1923
Kurtuluş Savaşı ne zaman başladı? Cevabı nedir?,1919
Cumhuriyet hangi yıl ilan edildi?,1923
Atatürk hangi yıl doğdu?,1881
Tarih olarak Cumhuriyet ne zaman ilan edildi?,1923
Osmanlı Devleti ne zaman kuruldu? Cevabı nedir?,1299
Türkiye NATO'ya tam tarihi nedir katıldı?,1952
Kurtuluş Savaşı ne zaman başladı?,1919
Türkiye Cumhuriyeti ilk anayasası ne zaman kabul edildi?,1924
Kurtuluş Savaşı ne zaman başladı?,1919
Tarih olarak Türkiye NATO'ya ne zaman katıldı?,1952
Kurtuluş Savaşı hangi yıl başladı?,1919
Tarih olarak Türkiye Cumhuriyeti ilk anayasası ne zaman kabul edildi?,1924
Türkiye Cumhuriyeti ilk anayasası tam tarihi nedir kabul edildi?,1924
Şunu merak ediyorum: TBMM ne zaman açıldı?,1920
Cumhuriyet ne zaman ilan edildi? Cevabı nedir?,1923
Kurtuluş Savaşı ne zaman başladı?,1919
Türkiye NATO'ya ne zaman katıldı? Lütfen yıl belirtin.,1952
İstanbul ne zaman fethedildi?,1453
Cumhuriyet ne zaman ilan edildi? Cevabı nedir?,1923
Atatürk ne zaman doğdu?,1881
Şunu merak ediyorum: Türkiye Cumhuriyeti ilk anayasası ne zaman kabul edildi?,1924
Lozan Antlaşması hangi yıl imzalandı?,1923
Kurtuluş Savaşı hangi yıl başladı?,1919
İstanbul tam tarihi nedir fethedildi?,1453
Lozan Antlaşması hangi yıl imzalandı? Lütfen yıl belirtin.,1923
Cumhuriyet tam tarihi nedir ilan edildi?,1923
Atatürk hangi yıl doğdu?,1881
Tarih olarak Atatürk ne zaman doğdu?,1881
İkinci Dünya Savaşı hangi yıl başladı?,1939
TBMM tam tarihi nedir açıldı?,1920
Tarih olarak İkinci Dünya Savaşı ne zaman başladı?,1939
Atatürk hangi yıl doğdu?,1881
Türkiye Cumhuriyeti ilk anayasası ne zaman kabul edildi?,1924
Şunu merak ediyorum: İstanbul ne zaman fethedildi?,1453
Cumhuriyet hangi yıl ilan edildi?,1923
Cumhuriyet tam tarihi nedir ilan edildi?,1923
Türkiye NATO'ya ne zaman katıldı?,1952
Kurtuluş Savaşı ne zaman başladı? Cevabı nedir?,1919
Kurtuluş Savaşı hangi yıl başladı?,1919
Lozan Antlaşması hangi yıl imzalandı? Cevabı nedir?,1923
Tarih olarak Osmanlı Devleti ne zaman kuruldu?,1299
TBMM ne zaman açıldı?,1920
Tarih olarak TBMM ne zaman açıldı?,1920
Tarih olarak Lozan Antlaşması hangi yıl imzalandı?,1923
Türkiye Cumhuriyeti ilk anayasası tam tarihi nedir kabul edildi?,1924
Tarih olarak Atatürk ne zaman doğdu?,1881
Tarih olarak İkinci Dünya Savaşı ne zaman başladı?,1939
Lozan Antlaşması hangi yıl imzalandı? Lütfen yıl belirtin.,1923
Osmanlı Devleti hangi yıl kuruldu?,1299
Lozan Antlaşması hangi yıl imzalandı? Lütfen yıl belirtin.,1923
Atatürk ne zaman doğdu? Lütfen yıl belirtin.,1881
Türkiye Cumhuriyeti ilk anayasası ne zaman kabul edildi? Lütfen yıl belirtin.,1924
Tarih olarak İkinci Dünya Savaşı ne zaman başladı?,1939
TBMM ne zaman açıldı? Cevabı nedir?,1920
Osmanlı Devleti ne zaman kuruldu?,1299
Cumhuriyet hangi yıl ilan edildi?,1923
Tarih olarak Osmanlı Devleti ne zaman kuruldu?,1299
Tarih olarak İstanbul ne zaman fethedildi?,1453
Türkiye NATO'ya tam tarihi nedir katıldı?,1952
TBMM ne zaman açıldı? Cevabı nedir?,1920
Lozan Antlaşması hangi yıl imzalandı?,1923
İkinci Dünya Savaşı tam tarihi nedir başladı?,1939
Türkiye NATO'ya tam tarihi nedir katıldı?,1952
İstanbul ne zaman fethedildi?,1453
Türkiye NATO'ya hangi yıl katıldı?,1952
Kurtuluş Savaşı hangi yıl başladı?,1919
Türkiye Cumhuriyeti ilk anayasası ne zaman kabul edildi? Lütfen yıl belirtin.,1924
Tarih olarak Lozan Antlaşması hangi yıl imzalandı?,1923
Türkiye Cumhuriyeti ilk anayasası hangi yıl kabul edildi?,1924
Cumhuriyet ne zaman ilan edildi? Lütfen yıl belirtin.,1923
İkinci Dünya Savaşı ne zaman başladı? Cevabı nedir?,1939
Cumhuriyet ne zaman ilan edildi? Lütfen yıl belirtin.,1923
Atatürk hangi yıl doğdu?,1881
Lozan Antlaşması hangi yıl imzalandı?,1923
Atatürk tam tarihi nedir doğdu?,1881
Tarih olarak Atatürk ne zaman doğdu?,1881
Atatürk ne zaman doğdu? Cevabı nedir?,1881
Tarih olarak İstanbul ne zaman fethedildi?,1453
Lozan Antlaşması hangi yıl imzalandı? Cevabı nedir?,1923
Cumhuriyet ne zaman ilan edildi? Lütfen yıl belirtin.,1923
İkinci Dünya Savaşı ne zaman başladı? Lütfen yıl belirtin.,1939
İstanbul ne zaman fethedildi? Lütfen yıl belirtin.,1453
Atatürk ne zaman doğdu?,1881
Şunu merak ediyorum: Cumhuriyet ne zaman ilan edildi?,1923
Atatürk tam tarihi nedir doğdu?,1881
Kurtuluş Savaşı tam tarihi nedir başladı?,1919
Cumhuriyet ne zaman ilan edildi? Lütfen yıl belirtin.,1923
İkinci Dünya Savaşı tam tarihi nedir başladı?,1939
Şunu merak ediyorum: Cumhuriyet ne zaman ilan edildi?,1923
Atatürk hangi yıl doğdu?,1881
Osmanlı Devleti ne zaman kuruldu? Cevabı nedir?,1299
TBMM ne zaman açıldı? Cevabı nedir?,1920
İstanbul ne zaman fethedildi? Cevabı nedir?,1453
Türkiye NATO'ya ne zaman katıldı? Lütfen yıl belirtin.,1952
Osmanlı Devleti ne zaman kuruldu?,1299
İstanbul ne zaman fethedildi? Cevabı nedir?,1453
İstanbul ne zaman fethedildi? Lütfen yıl belirtin.,1453
İstanbul hangi yıl fethedildi?,1453
Lozan Antlaşması hangi yıl imzalandı? Cevabı nedir?,1923
Şunu merak ediyorum: İkinci Dünya Savaşı ne zaman başladı?,1939
TBMM ne zaman açıldı? Lütfen yıl belirtin.,1920
Şunu merak ediyorum: İkinci Dünya Savaşı ne zaman başladı?,1939
Tarih olarak Türkiye NATO'ya ne zaman katıldı?,1952
Türkiye Cumhuriyeti ilk anayasası ne zaman kabul edildi? Cevabı nedir?,1924
Türkiye Cumhuriyeti ilk anayasası hangi yıl kabul edildi?,1924
Cumhuriyet ne zaman ilan edildi?,1923
Atatürk ne zaman doğdu?,1881
Türkiye Cumhuriyeti ilk anayasası ne zaman kabul edildi? Cevabı nedir?,1924
Şunu merak ediyorum: Cumhuriyet ne zaman ilan edildi?,1923
Cumhuriyet ne zaman ilan edildi? Lütfen yıl belirtin.,1923
İstanbul ne zaman fethedildi?,1453
Kurtuluş Savaşı ne zaman başladı?,1919
Atatürk ne zaman doğdu? Cevabı nedir?,1881
İstanbul ne zaman fethedildi?,1453
Türkiye Cumhuriyeti ilk anayasası tam tarihi nedir kabul edildi?,1924
İstanbul ne zaman fethedildi? Cevabı nedir?,1453
Cumhuriyet hangi yıl ilan edildi?,1923
Cumhuriyet hangi yıl ilan edildi?,1923
Atatürk ne zaman doğdu? Cevabı nedir?,1881
Tarih olarak Türkiye Cumhuriyeti ilk anayasası ne zaman kabul edildi?,1924
İstanbul hangi yıl fethedildi?,1453
Tarih olarak TBMM ne zaman açıldı?,1920
İstanbul ne zaman fethedildi? Cevabı nedir?,1453
Türkiye Cumhuriyeti ilk anayasası ne zaman kabul edildi?,1924
Türkiye NATO'ya hangi yıl katıldı?,1952
Osmanlı Devleti ne zaman kuruldu? Cevabı nedir?,1299
Osmanlı Devleti ne zaman kuruldu? Lütfen yıl belirtin.,1299
Türkiye Cumhuriyeti ilk anayasası ne zaman kabul edildi? Cevabı nedir?,1924
İstanbul tam tarihi nedir fethedildi?,1453
Tarih olarak Türkiye NATO'ya ne zaman katıldı?,1952
Lozan Antlaşması hangi yıl imzalandı? Cevabı nedir?,1923
İstanbul ne zaman fethedildi? Cevabı nedir?,1453
TBMM tam tarihi nedir açıldı?,1920
Türkiye NATO'ya hangi yıl katıldı?,1952
Türkiye Cumhuriyeti ilk anayasası ne zaman kabul edildi? Cevabı nedir?,1924
İkinci Dünya Savaşı tam tarihi nedir başladı?,1939
Atatürk tam tarihi nedir doğdu?,1881
Türkiye NATO'ya hangi yıl katıldı?,1952
Cumhuriyet ne zaman ilan edildi? Cevabı nedir?,1923
İstanbul ne zaman fethedildi? Lütfen yıl belirtin.,1453
Şunu merak ediyorum: Osmanlı Devleti ne zaman kuruldu?,1299
Tarih olarak İkinci Dünya Savaşı ne zaman başladı?,1939
Şunu merak ediyorum: Lozan Antlaşması hangi yıl imzalandı?,1923
TBMM ne zaman açıldı?,1920
Türkiye Cumhuriyeti ilk anayasası ne zaman kabul edildi?,1924
Lozan Antlaşması hangi yıl imzalandı? Lütfen yıl belirtin.,1923
Şunu merak ediyorum: Atatürk ne zaman doğdu?,1881
Türkiye Cumhuriyeti ilk anayasası ne zaman kabul edildi?,1924
Şunu merak ediyorum: Türkiye Cumhuriyeti ilk anayasası ne zaman kabul edildi?,1924
Tarih olarak Türkiye Cumhuriyeti ilk anayasası ne zaman kabul edildi?,1924
Cumhuriyet ne zaman ilan edildi? Lütfen yıl belirtin.,1923
İstanbul ne zaman fethedildi?,1453
Tarih olarak TBMM ne zaman açıldı?,1920
Türkiye NATO'ya hangi yıl katıldı?,1952
TBMM ne zaman açıldı?,1920
TBMM ne zaman açıldı?,1920
Atatürk tam tarihi nedir doğdu?,1881
Atatürk hangi yıl doğdu?,1881
TBMM tam tarihi nedir açıldı?,1920
Atatürk ne zaman doğdu? Cevabı nedir?,1881
İstanbul hangi yıl fethedildi?,1453
Atatürk ne zaman doğdu? Lütfen yıl belirtin.,1881
Cumhuriyet ne zaman ilan edildi? Lütfen yıl belirtin.,1923
Türkiye NATO'ya ne zaman katıldı?,1952
Türkiye NATO'ya hangi yıl katıldı?,1952
Kurtuluş Savaşı ne zaman başladı? Cevabı nedir?,1919
Şunu merak ediyorum: Türkiye NATO'ya ne zaman katıldı?,1952
Türkiye Cumhuriyeti ilk anayasası ne zaman kabul edildi? Lütfen yıl belirtin.,1924
İstanbul ne zaman fethedildi? Lütfen yıl belirtin.,1453
İstanbul ne zaman fethedildi? Lütfen yıl belirtin.,1453
Şunu merak ediyorum: TBMM ne zaman açıldı?,1920
Lozan Antlaşması hangi yıl imzalandı?,1923
Lozan Antlaşması hangi yıl imzalandı?,1923
Tarih olarak Cumhuriyet ne zaman ilan edildi?,1923
İstanbul ne zaman fethedildi?,1453
Osmanlı Devleti tam tarihi nedir kuruldu?,1299
Şunu merak ediyorum: İkinci Dünya Savaşı ne zaman başladı?,1939
Atatürk ne zaman doğdu? Cevabı nedir?,1881
Tarih olarak Kurtuluş Savaşı ne zaman başladı?,1919
Tarih olarak Cumhuriyet ne zaman ilan edildi?,1923
Şunu merak ediyorum: Lozan Antlaşması hangi yıl imzalandı?,1923
Osmanlı Devleti ne zaman kuruldu? Cevabı nedir?,1299
Tarih olarak Atatürk ne zaman doğdu?,1881
İkinci Dünya Savaşı ne zaman başladı? Cevabı nedir?,1939
İstanbul hangi yıl fethedildi?,1453
Türkiye Cumhuriyeti ilk anayasası ne zaman kabul edildi?,1924
Kurtuluş Savaşı ne zaman başladı?,1919
Türkiye Cumhuriyeti ilk anayasası hangi yıl kabul edildi?,1924
Şunu merak ediyorum: Türkiye Cumhuriyeti ilk anayasası ne zaman kabul edildi?,1924
Lozan Antlaşması hangi yıl imzalandı?,1923
TBMM ne zaman açıldı? Cevabı nedir?,1920
Kurtuluş Savaşı ne zaman başladı?,1919
Şunu merak ediyorum: Kurtuluş Savaşı ne zaman başladı?,1919
İkinci Dünya Savaşı hangi yıl başladı?,1939
Türkiye Cumhuriyeti ilk anayasası tam tarihi nedir kabul edildi?,1924
Osmanlı Devleti hangi yıl kuruldu?,1299
Şunu merak ediyorum: Kurtuluş Savaşı ne zaman başladı?,1919
TBMM ne zaman açıldı?,1920
Şunu merak ediyorum: İkinci Dünya Savaşı ne zaman başladı?,1939
Tarih olarak İkinci Dünya Savaşı ne zaman başladı?,1939
İstanbul ne zaman fethedildi? Lütfen yıl belirtin.,1453
İstanbul ne zaman fethedildi? Lütfen yıl belirtin.,1453
TBMM ne zaman açıldı?,1920
Türkiye NATO'ya ne zaman katıldı? Cevabı nedir?,1952
Lozan Antlaşması hangi yıl imzalandı?,1923
Türkiye Cumhuriyeti ilk anayasası hangi yıl kabul edildi?,1924
Tarih olarak Osmanlı Devleti ne zaman kuruldu?,1299
Türkiye NATO'ya ne zaman katıldı?,1952
Türkiye Cumhuriyeti ilk anayasası tam tarihi nedir kabul edildi?,1924
Türkiye Cumhuriyeti ilk anayasası ne zaman kabul edildi? Lütfen yıl belirtin.,1924
Atatürk ne zaman doğdu? Cevabı nedir?,1881
Cumhuriyet tam tarihi nedir ilan edildi?,1923
TBMM hangi yıl açıldı?,1920
Cumhuriyet ne zaman ilan edildi? Cevabı nedir?,1923
TBMM ne zaman açıldı?,1920
Şunu merak ediyorum: Atatürk ne zaman doğdu?,1881
Atatürk tam tarihi nedir doğdu?,1881
Şunu merak ediyorum: Kurtuluş Savaşı ne zaman başladı?,1919
Türkiye Cumhuriyeti ilk anayasası ne zaman kabul edildi? Cevabı nedir?,1924
Tarih olarak Türkiye NATO'ya ne zaman katıldı?,1952
Şunu merak ediyorum: İstanbul ne zaman fethedildi?,1453
İkinci Dünya Savaşı tam tarihi nedir başladı?,1939
Şunu merak ediyorum: TBMM ne zaman açıldı?,1920
Şunu merak ediyorum: Kurtuluş Savaşı ne zaman başladı?,1919
Şunu merak ediyorum: Lozan Antlaşması hangi yıl imzalandı?,1923
Tarih olarak Cumhuriyet ne zaman ilan edildi?,1923
Tarih olarak TBMM ne zaman açıldı?,1920
Türkiye NATO'ya tam tarihi nedir katıldı?,1952
Türkiye Cumhuriyeti ilk anayasası hangi yıl kabul edildi?,1924
Lozan Antlaşması hangi yıl imzalandı?,1923
Lozan Antlaşması hangi yıl imzalandı?,1923
Tarih olarak TBMM ne zaman açıldı?,1920
Lozan Antlaşması hangi yıl imzalandı?,1923
Cumhuriyet ne zaman ilan edildi? Lütfen yıl belirtin.,1923
TBMM ne zaman açıldı? Cevabı nedir?,1920
Osmanlı Devleti hangi yıl kuruldu?,1299
İstanbul ne zaman fethedildi?,1453
Şunu merak ediyorum: Lozan Antlaşması hangi yıl imzalandı?,1923
Şunu merak ediyorum: İstanbul ne zaman fethedildi?,1453
Atatürk ne zaman doğdu? Cevabı nedir?,1881
İstanbul ne zaman fethedildi? Lütfen yıl belirtin.,1453
İkinci Dünya Savaşı ne zaman başladı? Cevabı nedir?,1939
Cumhuriyet ne zaman ilan edildi?,1923
İstanbul hangi yıl fethedildi?,1453
Cumhuriyet ne zaman ilan edildi? Lütfen yıl belirtin.,1923
Atatürk hangi yıl doğdu?,1881
Şunu merak ediyorum: İkinci Dünya Savaşı ne zaman başladı?,1939
Osmanlı Devleti hangi yıl kuruldu?,1299
Lozan Antlaşması hangi yıl imzalandı?,1923
Lozan Antlaşması hangi yıl imzalandı?,1923
Tarih olarak İstanbul ne zaman fethedildi?,1453
Kurtuluş Savaşı ne zaman başladı? Cevabı nedir?,1919
Cumhuriyet ne zaman ilan edildi? Cevabı nedir?,1923
TBMM ne zaman açıldı?,1920
Atatürk hangi yıl doğdu?,1881
Türkiye Cumhuriyeti ilk anayasası ne zaman kabul edildi? Lütfen yıl belirtin.,1924
TBMM ne zaman açıldı?,1920
Tarih olarak İkinci Dünya Savaşı ne zaman başladı?,1939
Tarih olarak Kurtuluş Savaşı ne zaman başladı?,1919
Türkiye Cumhuriyeti ilk anayasası ne zaman kabul edildi?,1924
TBMM hangi yıl açıldı?,1920
TBMM ne zaman açıldı?,1920
Osmanlı Devleti tam tarihi nedir kuruldu?,1299
Tarih olarak İstanbul ne zaman fethedildi?,1453
Kurtuluş Savaşı hangi yıl başladı?,1919
İkinci Dünya Savaşı hangi yıl başladı?,1939
Kurtuluş Savaşı ne zaman başladı? Cevabı nedir?,1919
İstanbul ne zaman fethedildi?,1453
TBMM ne zaman açıldı?,1920
Tarih olarak Osmanlı Devleti ne zaman kuruldu?,1299
Türkiye NATO'ya ne zaman katıldı? Cevabı nedir?,1952
Lozan Antlaşması hangi yıl imzalandı?,1923
Şunu merak ediyorum: Türkiye Cumhuriyeti ilk anayasası ne zaman kabul edildi?,1924
Kurtuluş Savaşı ne zaman başladı? Cevabı nedir?,1919
Türkiye NATO'ya tam tarihi nedir katıldı?,1952
Tarih olarak Lozan Antlaşması hangi yıl imzalandı?,1923
İstanbul ne zaman fethedildi?,1453
Tarih olarak İkinci Dünya Savaşı ne zaman başladı?,1939
İkinci Dünya Savaşı ne zaman başladı? Cevabı nedir?,1939
